Sponsored Ad - iPhone 17 Pro Max 2 TB: 17.42 cm (6.9″) Display with Promotion, A19 Pro Chip, Best Battery Life in Any iPho...,https://m.media-amazon.com/images/I/616-Eh2FbPL._AC_UY218_.jpg,2,29,900
Sponsored Ad - iPhone 16 Plus 128 GB: 5G Mobile Phone with Camera Control, A18 Chip and a Big Boost in Battery Life. Works...,https://m.media-amazon.com/images/I/61evtSm4vDL._AC_UY218_.jpg,79,900
Redmi A4 5G (Starry Black, 6GB RAM, 128GB Storage) | Segment Largest 6.88in 120Hz | 50MP Dual Camera | 18W Fast Charging |...,https://m.media-amazon.com/images/I/710SCukwhcL._AC_UY218_.jpg,12,999
realme NARZO 80 Pro 5G (Speed Silver,8GB+256GB) | Segment's 1st MediaTek Dimensity 7400 Chipset | 6000mAh Titan Battery + ...,https://m.media-amazon.com/images/I/71J+dpjrzhL._AC_UY218_.jpg,19,999
Samsung Galaxy M06 5G Mobile (Sage Green, 4GB RAM, 128GB Storage) | MediaTek Dimensity 6300 | AnTuTu 623K+ | 12 5G Bands |...,https://m.media-amazon.com/images/I/71evPv-TvmL._AC_UY218_.jpg,10,999
Sponsored Ad - iPhone 16 Plus 128 GB: 5G Mobile Phone with Camera Control, A18 Chip and a Big Boost in Battery Life. Works...,https://m.media-amazon.com/images/I/61evtSm4vDL._AC_UL320_.jpg,79,900
Sponsored Ad - iPhone 17 Pro Max 2 TB: 17.42 cm (6.9″) Display with Promotion, A19 Pro Chip, Best Battery Life in Any iPho...,https://m.media-amazon.com/images/I/71MXmswILHL._AC_UL320_.jpg,2,29,900
Sponsored Ad - iPhone 17 256 GB: 15.93 cm (6.3″) Display with Promotion, A19 Chip, Center Stage Front Camera for Smarter G...,https://m.media-amazon.com/images/I/617O+RkwdPL._AC_UL320_.jpg,82,900
Sponsored Ad - iPhone 16 Pro Max 512 GB: 5G Mobile Phone with Camera Control, 4K 120 fps Dolby Vision and a Huge Leap in B...,https://m.media-amazon.com/images/I/61PBLEFPoKL._AC_UL320_.jpg,1,54,900
Sponsored Ad - iPhone Air 256 GB: Thinnest iPhone Ever, 16.63 cm (6.5″) Display with Promotion up to 120Hz, Powerful A19 P...,https://m.media-amazon.com/images/I/61knPJtYRpL._AC_UL320_.jpg,94,990
Samsung Galaxy M07 Mobile (Black, 4GB RAM, 64GB Storage) | MediaTek Helio G99 | AnTuTu 624K | IP54| 50MP Camera | 7.6mm Sl...,https://m.media-amazon.com/images/I/610lbucItmL._AC_UY218_.jpg,8,399
Samsung Galaxy Z Flip4 5G (Bora Purple, 8GB RAM, 256GB Storage) with No Cost EMI/Additional Exchange Offers,https://m.media-amazon.com/images/I/61vZSG1KuoL._AC_UY218_.jpg,37,999
OnePlus 15R | 12GB+512GB | Mint Breeze | World's First Snapdragon® 8 Gen 5 | 7400mAh Battery | Personalised AI | Game-Chan...,https://m.media-amazon.com/images/I/61h53LtSVVL._AC_UY218_.jpg,52,997
Samsung Galaxy S24 Snapdragon 8 Gen 3 5G (Onyx Black, 128 GB) (8 GB RAM),https://m.media-amazon.com/images/I/31MK+gOuraL._AC_UY218_.jpg,43,499
Google Pixel 9a 5G (Obsidian, 8GB RAM, 256GB Storage),https://m.media-amazon.com/images/I/51loAyfmYXL._AC_UY218_.jpg,41,999
Sponsored Ad - iPhone Air 256 GB: Thinnest iPhone Ever, 16.63 cm (6.5″) Display with Promotion up to 120Hz, Powerful A19 P...,https://m.media-amazon.com/images/I/61knPJtYRpL._AC_UY218_.jpg,94,990
Sponsored Ad - iPhone 17 256 GB: 15.93 cm (6.3″) Display with Promotion, A19 Chip, Center Stage Front Camera for Smarter G...,https://m.media-amazon.com/images/I/617O+RkwdPL._AC_UY218_.jpg,82,900
POCO C71, Cool Blue (4GB, 64GB),https://m.media-amazon.com/images/I/51HxVAuLvtL._AC_UY218_.jpg,7,899
Redmi 15 5G Midnight Black 8GB + 256GB | Segment's Largest 7000mAhA Battery | Segment's Largest Display 17.53cm(6.9) Up to...,https://m.media-amazon.com/images/I/81dblfYZOYL._AC_UY218_.jpg,19,499
Vivo T4x 5G (Marine Blue, 128 GB) (8 GB RAM),https://m.media-amazon.com/images/I/81-HKhoE-JL._AC_UY218_.jpg,18,664
Redmi A5 Jaisalmer Gold (3GB RAM 64GB Storage) | Royale Design | Segment's Largest 17.47cm(6.88) and Smoothest 120Hz Displ...,https://m.media-amazon.com/images/I/51mcySOjwFL._AC_UY218_.jpg,7,999
Samsung Galaxy A35 5G (Awesome Navy, 8GB RAM, 128GB Storage) | Premium Glass Back | 50 MP Main Camera (OIS) | Nightography...,https://m.media-amazon.com/images/I/71D7SohzxcL._AC_UY218_.jpg,23,996
OnePlus Nord CE5 | MediaTek Dimensity | Massive 7100mAh Battery | Powered by OnePlus AI | 128GB 8GB | Marble Mist,https://m.media-amazon.com/images/I/61TFhTNYuhL._AC_UY218_.jpg,24,998
acer Super ZX 5G (Carbon Black, 6GB RAM, 128GB) | Segment-First FHD+ 6.8” 120Hz Display | Sony 64MP AI Triple Camera | 500...,https://m.media-amazon.com/images/I/514rF5FWrsL._AC_UY218_.jpg,9,699
Samsung Galaxy M17 5G Mobile (Moonlight Silver, 8GB RAM, 128GB Storage) | 50MP OIS Triple Camera | Gorilla Glass Victus| I...,https://m.media-amazon.com/images/I/71bJ3TVfwgL._AC_UY218_.jpg,16,999
Sponsored Ad - iPhone 16 Pro Max 512 GB: 5G Mobile Phone with Camera Control, 4K 120 fps Dolby Vision and a Huge Leap in B...,https://m.media-amazon.com/images/I/61PBLEFPoKL._AC_UY218_.jpg,1,54,900
Sponsored Ad - iPhone Air 256 GB: Thinnest iPhone Ever, 16.63 cm (6.5″) Display with Promotion up to 120Hz, Powerful A19 P...,https://m.media-amazon.com/images/I/61Ce-6B6x+L._AC_UY218_.jpg,94,990
