name,price
Dr.Althea 345 Relief Cream: Soothing & Barrier Repair Cream ,2499
Bioderma Niacinamide Moisturizer - Atoderm Creme Ultra-Boost,699
"Lakmé Peach Creme Moisturiser, Ceramide & Peptide, Skin Barr",780
Forest Essentials Hydrating Facial Moisturiser with SPF 30 P,1695
Dot & Key Vitamin C + E Super Bright Face Moisturizer For Gl,495
"La Roche-Posay Cicaplast Baume B5+ Repair Moisturizer Balm, ",550
Foxtale Nourishing Ceramide Moisturiser for 100hrs of Hydrat,395
Mamaearth Rice Oil-Free Face Moisturizer With Rice Water & N,319
Murad Essential-C Firming Radiance Day Cream,9050
Cetaphil Moisturising Cream,669
Dot & Key Hyaluronic + Ceramide Barrier Repair Hydrating Fac,395
Clinique Moisture Surge 100h Auto-replenishing Hydrator (Moi,1200
CeraVe Moisturizer Cream For Dry Skin With Ceramides & Hyalu,430
Ponds Super Light Gel Oil Free Moisturiser With Hyaluronic A,830
Cetaphil Moisturising Lotion For Dry To Normal Sensitive Ski,620
Neutrogena Hydro Boost Hyaluronic Acid Water Gel Light Face ,1190
Embryolisse Lait-Creme Concentre,1525
NIVEA Soft Vit E Light Non Sticky Face Moisturiser Cream Fre,400
Plum 2% Niacinamide & Rice Water Moisturiser - Lightweight G,525
Lakme Absolute Perfect Radiance Skin Brightening Day Creme,415
